split,mae,rmse,mape
train,18.85410826298503,20.31239207249951,27.333338029836636
val,11.662291708937847,12.042537522375019,19.360196567279672
test,11.436487654853641,12.562044208313788,18.653383306785397
