split,mae,rmse,mape
train,18.85410826298503,20.31239207249951,27.333338029836636
