{
    "ARIMA": {
        "MAE": 0.11266918519738145,
        "RMSE": 0.14580621436362992,
        "MAPE": 41.44819356551759
    },
    "MLP": {
        "MAE": 0.12504102750373555,
        "RMSE": 0.1769263594598919,
        "MAPE": 48.23142761291415
    },
    "ANFIS": {
        "MAE": 0.04738559692354933,
        "RMSE": 0.06523221125092087,
        "MAPE": 22.677317666655625
    }
}